index,k__Bacteria;p__Actinobacteria;c__Actinobacteria;o__Actinomycetales;f__Actinomycetaceae;g__Actinomyces;s__,k__Bacteria;p__Actinobacteria;c__Actinobacteria;o__Bifidobacteriales;f__Bifidobacteriaceae;g__Bifidobacterium;s__,k__Bacteria;p__Actinobacteria;c__Coriobacteriia;o__Coriobacteriales;f__Coriobacteriaceae;g__Adlercreutzia;s__,k__Bacteria;p__Bacteroidetes;c__Bacteroidia;o__Bacteroidales;f__Bacteroidaceae;g__Bacteroides;s__,k__Bacteria;p__Bacteroidetes;c__Bacteroidia;o__Bacteroidales;f__Porphyromonadaceae;g__Porphyromonas;s__,k__Bacteria;p__Bacteroidetes;c__Bacteroidia;o__Bacteroidales;f__Rikenellaceae;g__;s__,k__Bacteria;p__Bacteroidetes;c__Bacteroidia;o__Bacteroidales;f__S24-7;g__;s__,k__Bacteria;p__Cyanobacteria;c__Chloroplast;o__Streptophyta;f__;g__;s__,k__Bacteria;p__Firmicutes;c__Bacilli;o__Bacillales;f__Bacillaceae;g__;s__,k__Bacteria;p__Firmicutes;c__Bacilli;o__Bacillales;f__Listeriaceae;g__;s__,k__Bacteria;p__Firmicutes;c__Bacilli;o__Bacillales;f__Staphylococcaceae;g__Staphylococcus;s__aureus,k__Bacteria;p__Firmicutes;c__Bacilli;o__Lactobacillales;f__Enterococcaceae;g__Enterococcus;s__,k__Bacteria;p__Firmicutes;c__Bacilli;o__Lactobacillales;f__Lactobacillaceae;g__Lactobacillus;s__,k__Bacteria;p__Firmicutes;c__Bacilli;o__Lactobacillales;f__Lactobacillaceae;g__Lactobacillus;s__reuteri,k__Bacteria;p__Firmicutes;c__Bacilli;o__Lactobacillales;f__Streptococcaceae;g__Streptococcus;s__,k__Bacteria;p__Firmicutes;c__Bacilli;o__Turicibacterales;f__Turicibacteraceae;g__Turicibacter;s__,k__Bacteria;p__Firmicutes;c__Clostridia;o__Clostridiales;__;__;__,k__Bacteria;p__Firmicutes;c__Clostridia;o__Clostridiales;f__;g__;s__,k__Bacteria;p__Firmicutes;c__Clostridia;o__Clostridiales;f__Christensenellaceae;g__;s__,k__Bacteria;p__Firmicutes;c__Clostridia;o__Clostridiales;f__Clostridiaceae;g__;s__,k__Bacteria;p__Firmicutes;c__Clostridia;o__Clostridiales;f__Clostridiaceae;g__Candidatus Arthromitus;s__,k__Bacteria;p__Firmicutes;c__Clostridia;o__Clostridiales;f__Clostridiaceae;g__Clostridium;s__,k__Bacteria;p__Firmicutes;c__Clostridia;o__Clostridiales;f__Dehalobacteriaceae;g__Dehalobacterium;s__,k__Bacteria;p__Firmicutes;c__Clostridia;o__Clostridiales;f__Lachnospiraceae;g__;s__,k__Bacteria;p__Firmicutes;c__Clostridia;o__Clostridiales;f__Lachnospiraceae;g__Coprococcus;s__,k__Bacteria;p__Firmicutes;c__Clostridia;o__Clostridiales;f__Lachnospiraceae;g__Dorea;s__,k__Bacteria;p__Firmicutes;c__Clostridia;o__Clostridiales;f__Lachnospiraceae;g__Roseburia;s__,k__Bacteria;p__Firmicutes;c__Clostridia;o__Clostridiales;f__Lachnospiraceae;g__[Ruminococcus];s__gnavus,k__Bacteria;p__Firmicutes;c__Clostridia;o__Clostridiales;f__Peptococcaceae;g__rc4-4;s__,k__Bacteria;p__Firmicutes;c__Clostridia;o__Clostridiales;f__Ruminococcaceae;g__;s__,k__Bacteria;p__Firmicutes;c__Clostridia;o__Clostridiales;f__Ruminococcaceae;g__Oscillospira;s__,k__Bacteria;p__Firmicutes;c__Clostridia;o__Clostridiales;f__Ruminococcaceae;g__Ruminococcus;s__,k__Bacteria;p__Firmicutes;c__Clostridia;o__Clostridiales;f__[Mogibacteriaceae];g__;s__,k__Bacteria;p__Proteobacteria;c__Alphaproteobacteria;o__Rhodobacterales;f__Rhodobacteraceae;g__Rhodobacter;s__sphaeroides,k__Bacteria;p__Proteobacteria;c__Alphaproteobacteria;o__Rickettsiales;f__mitochondria;g__;s__,k__Bacteria;p__Proteobacteria;c__Betaproteobacteria;o__Neisseriales;f__Neisseriaceae;g__Neisseria;s__cinerea,k__Bacteria;p__Proteobacteria;c__Epsilonproteobacteria;o__Campylobacterales;f__Helicobacteraceae;g__Helicobacter;s__pylori,k__Bacteria;p__Proteobacteria;c__Gammaproteobacteria;o__Enterobacteriales;f__Enterobacteriaceae;g__;s__,k__Bacteria;p__Proteobacteria;c__Gammaproteobacteria;o__Pseudomonadales;f__Moraxellaceae;g__Acinetobacter;s__,k__Bacteria;p__Proteobacteria;c__Gammaproteobacteria;o__Pseudomonadales;f__Pseudomonadaceae;g__Pseudomonas;s__,k__Bacteria;p__TM7;c__TM7-3;o__CW040;f__F16;g__;s__,k__Bacteria;p__Tenericutes;c__Mollicutes;o__Anaeroplasmatales;f__Anaeroplasmataceae;g__Anaeroplasma;s__,k__Bacteria;p__Tenericutes;c__Mollicutes;o__RF39;f__;g__;s__,k__Bacteria;p__Verrucomicrobia;c__Verrucomicrobiae;o__Verrucomicrobiales;f__Verrucomicrobiaceae;g__Akkermansia;s__muciniphila,k__Bacteria;p__[Thermi];c__Deinococci;o__Deinococcales;f__Deinococcaceae;g__Deinococcus;s__,BarcodeSequence,LinkerPrimerSequence,dpw,Description
F3D0,0.0,19.0,0.0,149.0,0.0,175.0,1865.0,0.0,0.0,0.0,0.0,0.0,63.0,40.0,5.0,77.0,0.0,1220.0,7.0,123.0,0.0,0.0,0.0,431.0,19.0,4.0,0.0,45.0,0.0,83.0,150.0,81.0,4.0,0.0,3.0,0.0,0.0,0.0,0.0,8.0,0.0,79.0,61.0,10.0,0.0,AAAAAAA,,0,Early
F3D1,0.0,0.0,0.0,127.0,0.0,174.0,875.0,0.0,0.0,0.0,0.0,0.0,210.0,49.0,5.0,0.0,0.0,1517.0,0.0,0.0,0.0,0.0,0.0,421.0,7.0,10.0,0.0,45.0,0.0,71.0,231.0,69.0,19.0,0.0,0.0,0.0,0.0,2.0,0.0,6.0,29.0,44.0,101.0,0.0,0.0,TTTTTTC,,1,Late
F3D141,0.0,12.0,0.0,181.0,0.0,307.0,1781.0,0.0,0.0,0.0,0.0,0.0,153.0,44.0,0.0,94.0,0.0,378.0,0.0,0.0,0.0,0.0,9.0,421.0,0.0,10.0,6.0,0.0,0.0,16.0,16.0,0.0,7.0,0.0,0.0,0.0,0.0,0.0,0.0,0.0,5.0,0.0,33.0,0.0,0.0,CCCCCCC,,141,Early
F3D142,0.0,27.0,0.0,165.0,0.0,78.0,961.0,5.0,0.0,0.0,0.0,0.0,134.0,0.0,0.0,52.0,0.0,63.0,4.0,0.0,5.0,0.0,0.0,80.0,0.0,0.0,0.0,0.0,0.0,0.0,16.0,0.0,7.0,0.0,0.0,0.0,0.0,0.0,0.0,0.0,0.0,0.0,28.0,0.0,0.0,GGGGGGG,,142,Late
F3D143,0.0,0.0,0.0,119.0,0.0,74.0,866.0,0.0,0.0,0.0,0.0,0.0,108.0,11.0,0.0,37.0,3.0,98.0,0.0,0.0,0.0,0.0,0.0,227.0,0.0,12.0,0.0,0.0,0.0,19.0,33.0,10.0,7.0,0.0,0.0,0.0,0.0,0.0,0.0,0.0,0.0,0.0,32.0,0.0,0.0,TTTTTTT,,143,Late
F3D144,0.0,18.0,3.0,96.0,0.0,36.0,1341.0,0.0,0.0,0.0,0.0,0.0,247.0,40.0,0.0,110.0,0.0,109.0,0.0,6.0,0.0,0.0,0.0,54.0,0.0,0.0,0.0,0.0,0.0,19.0,16.0,14.0,8.0,0.0,0.0,2.0,0.0,0.0,0.0,0.0,8.0,0.0,19.0,0.0,0.0,AAAAAAT,,144,Late
F3D145,0.0,0.0,0.0,273.0,0.0,111.0,2104.0,0.0,0.0,0.0,0.0,0.0,300.0,37.0,0.0,113.0,4.0,116.0,0.0,14.0,0.0,5.0,5.0,119.0,6.0,17.0,0.0,0.0,0.0,9.0,48.0,11.0,17.0,0.0,0.0,0.0,0.0,0.0,0.0,2.0,0.0,3.0,32.0,0.0,0.0,CCCCCTT,,145,Late
F3D146,0.0,0.0,0.0,165.0,0.0,68.0,1256.0,0.0,0.0,0.0,0.0,0.0,158.0,16.0,0.0,35.0,0.0,366.0,0.0,0.0,0.0,0.0,0.0,408.0,0.0,0.0,0.0,0.0,0.0,33.0,128.0,0.0,5.0,0.0,0.0,0.0,0.0,0.0,0.0,0.0,3.0,0.0,5.0,0.0,0.0,GGGGGGT,,146,Late
F3D147,0.0,22.0,0.0,415.0,0.0,68.0,5745.0,0.0,0.0,0.0,0.0,0.0,527.0,151.0,0.0,296.0,0.0,604.0,0.0,25.0,2.0,0.0,0.0,535.0,11.0,33.0,0.0,23.0,0.0,57.0,136.0,39.0,39.0,0.0,0.0,0.0,0.0,4.0,0.0,0.0,16.0,23.0,110.0,0.0,0.0,TTTTTTA,,147,Late
F3D148,0.0,61.0,0.0,400.0,0.0,475.0,3673.0,0.0,0.0,0.0,0.0,0.0,366.0,105.0,0.0,256.0,0.0,475.0,4.0,31.0,5.0,0.0,8.0,521.0,0.0,19.0,17.0,0.0,128.0,45.0,46.0,21.0,13.0,0.0,0.0,0.0,0.0,0.0,0.0,5.0,17.0,0.0,152.0,0.0,0.0,AAAAAAC,,148,Late
F3D149,0.0,24.0,0.0,378.0,0.0,495.0,3519.0,0.0,0.0,0.0,0.0,0.0,499.0,138.0,0.0,167.0,3.0,817.0,7.0,13.0,0.0,0.0,22.0,1122.0,0.0,20.0,23.0,0.0,70.0,67.0,88.0,35.0,16.0,0.0,0.0,0.0,0.0,0.0,0.0,0.0,7.0,0.0,36.0,0.0,0.0,AAAAAAG,,149,Late
F3D150,0.0,14.0,0.0,161.0,0.0,110.0,1315.0,0.0,0.0,0.0,0.0,0.0,118.0,19.0,0.0,28.0,0.0,415.0,0.0,7.0,0.0,0.0,11.0,545.0,0.0,0.0,0.0,0.0,0.0,60.0,61.0,15.0,8.0,0.0,0.0,0.0,0.0,0.0,0.0,0.0,0.0,0.0,18.0,0.0,0.0,AAAAAGG,,150,Late
F3D2,0.0,4.0,0.0,319.0,0.0,1123.0,5205.0,0.0,0.0,0.0,0.0,0.0,355.0,30.0,4.0,17.0,0.0,2797.0,5.0,0.0,0.0,0.0,18.0,1120.0,42.0,22.0,0.0,58.0,0.0,159.0,579.0,213.0,62.0,0.0,26.0,0.0,0.0,5.0,0.0,12.0,0.0,78.0,380.0,6.0,0.0,TTTTTTG,,2,Early
F3D3,0.0,11.0,0.0,374.0,0.0,348.0,1585.0,0.0,0.0,0.0,0.0,0.0,240.0,116.0,0.0,23.0,0.0,242.0,0.0,0.0,0.0,0.0,5.0,105.0,0.0,8.0,0.0,0.0,0.0,12.0,40.0,6.0,39.0,0.0,0.0,0.0,0.0,0.0,0.0,0.0,0.0,15.0,334.0,0.0,0.0,TTTTTGA,,3,Early
F3D5,0.0,0.0,0.0,145.0,0.0,182.0,988.0,0.0,0.0,0.0,0.0,0.0,96.0,10.0,0.0,33.0,0.0,630.0,0.0,0.0,0.0,0.0,0.0,286.0,11.0,5.0,0.0,17.0,0.0,43.0,124.0,29.0,8.0,0.0,0.0,0.0,0.0,4.0,0.0,2.0,17.0,0.0,14.0,0.0,0.0,TTTTGGG,,5,Early
F3D6,0.0,0.0,0.0,467.0,0.0,241.0,2006.0,0.0,0.0,0.0,0.0,0.0,440.0,28.0,0.0,0.0,0.0,735.0,2.0,0.0,0.0,0.0,7.0,401.0,0.0,10.0,0.0,24.0,0.0,84.0,173.0,64.0,22.0,0.0,18.0,0.0,0.0,0.0,0.0,5.0,15.0,0.0,72.0,0.0,0.0,AAAATTT,,6,Early
F3D7,0.0,0.0,0.0,430.0,0.0,192.0,1661.0,0.0,0.0,0.0,0.0,0.0,126.0,37.0,0.0,0.0,0.0,273.0,0.0,0.0,0.0,0.0,0.0,115.0,0.0,0.0,0.0,0.0,0.0,24.0,70.0,14.0,24.0,0.0,6.0,0.0,0.0,0.0,0.0,0.0,18.0,18.0,39.0,0.0,0.0,GGGGGTT,,7,Early
F3D8,0.0,0.0,0.0,516.0,0.0,280.0,843.0,11.0,0.0,0.0,0.0,0.0,155.0,109.0,0.0,5.0,0.0,798.0,0.0,0.0,0.0,0.0,6.0,331.0,0.0,13.0,4.0,0.0,0.0,54.0,161.0,28.0,19.0,0.0,24.0,0.0,0.0,3.0,0.0,0.0,13.0,10.0,18.0,0.0,0.0,CCCCTTT,,8,Early
F3D9,0.0,0.0,0.0,567.0,0.0,414.0,1384.0,6.0,0.0,0.0,0.0,0.0,198.0,21.0,0.0,0.0,0.0,1181.0,0.0,0.0,0.0,0.0,8.0,448.0,34.0,7.0,0.0,0.0,26.0,83.0,214.0,38.0,24.0,0.0,18.0,0.0,0.0,0.0,0.0,5.0,8.0,29.0,40.0,0.0,0.0,GGGAAAA,,9,Early
Mock,239.0,0.0,0.0,206.0,69.0,0.0,0.0,0.0,343.0,146.0,562.0,171.0,90.0,0.0,347.0,0.0,0.0,0.0,0.0,0.0,0.0,287.0,0.0,0.0,0.0,0.0,0.0,0.0,0.0,0.0,0.0,0.0,0.0,48.0,0.0,270.0,307.0,163.0,374.0,132.0,0.0,0.0,0.0,0.0,110.0,GGGAATT,,NA,NA
